560,表土和积土层,新生界第四系,3.200,3.200,10-3,细粒砂岩,新生界第四系,6.200,6.200,464,砂土,,1.500,1.500,BK009,细粒砂岩,,1.000,1.000,182,砂土,,0.800,0.800,10-6,中砂,新生界第四系,6.250,6.250,10-4,粗砂,新生界第四系,10.980,10.980,10-2,粗砂,新生界第四系,15.830,15.830,10-5,砂土,新生界第四系,23.110,23.110,120,泥岩,,18.500,18.500,XC16,粉砂质粘土,新生界第四系,3.600,3.600,褐黄、灰褐、灰绿色，可塑—硬塑，干强度、韧性中等，切面 粗糙，局部含铁锈，铁锰质结核，土质分布不均，含砂砾石，粒 径0.2-5.0cm，局部含量3%-10%。,121,砂质泥岩,,210.100,210.100
560,泥岩,,26.920,23.720,10-3,含砾粗粒砂岩,,12.480,6.280,464,细粒砂岩,新生界第四系,3.000,1.500,BK009,泥岩,,10.680,9.680,182,砂土,新生界第四系,0.900,0.100,10-6,含砾粗粒砂岩,,48.700,42.450,10-4,砂质泥岩,,39.930,28.950,10-2,泥岩,,16.830,1.000,10-5,砂质泥岩,,37.650,14.540,120,粉砂岩,新生界第四系,28.000,9.500,XC16,砂砾岩,,48.200,44.600,灰绿色，泥质胶结，砂砾结构，块状构造，主要矿物成分为长 石、石英及粘土矿物，断面参差状，砂砾粒径0.1-1.5cm，局部含 巨砾石，粒径2.5-5cm；岩芯破碎，岩体固结性差，岩石水浸易崩 解，透水性较好。,121,煤,,210.200,0.100
560,5煤,5煤,27.220,0.300,10-3,泥岩,,29.950,17.470,464,细砾岩,,3.900,0.900,BK009,粗粒砂岩,,12.600,1.920,182,中砂,,3.800,2.900,10-6,含砂泥岩,,69.600,20.900,10-4,含砾泥岩,,81.820,41.890,10-2,细粒砂岩,,21.230,4.400,10-5,中砾岩,,40.900,3.250,120,粗粒砂岩,,36.500,8.500,XC16,砂质泥岩,,49.400,1.200,灰绿色，泥质结构，层状构造，主要矿物成分为粘土矿物，手 搓有沙粒感，岩石断口参差状，局部含少量砾石，粒径0.1-1.5cm ；岩体固结程度差，易风化，裂隙不发育。,121,细粒砂岩,,250.400,40.200
560,炭质泥岩,5煤,27.450,0.230,10-3,5煤,5煤,31.550,1.600,464,中砾岩,,13.500,9.600,BK009,泥岩,,13.820,1.220,182,砾岩,,5.300,1.500,10-6,5煤,5煤,70.400,0.800,10-4,细砾岩,,113.940,32.120,10-2,泥岩,,27.100,5.870,10-5,含砾泥岩,,59.210,18.310,120,粉砂岩,,49.500,13.000,XC16,砂砾岩,,75.400,26.000,灰绿色，泥质胶结，底部硅质胶结，砂砾结构，块状构造，主 要矿物成分为长石、石英及粘土矿物，断面参差状，砂砾粒径0.1-1.5cm，局部含巨砾石，粒径2.0-5cm；岩芯破碎，岩体固结性差 ，岩石水浸易崩解，透水性较好。其中74.90-75.40m为硅质胶结 硬岩。,121,5煤,5煤,250.500,0.100
560,5煤,5煤,27.760,0.310,10-3,泥岩,5煤,31.750,0.200,464,泥岩,,24.920,11.420,BK009,5煤,5煤,14.540,0.720,182,砂砾岩,,37.740,32.440,10-6,泥岩,5煤,70.700,0.300,10-4,砂质泥岩,,132.630,18.690,10-2,含砾粗粒砂岩,,29.300,2.200,10-5,中砾岩,,83.560,24.350,120,粗粒砂岩,,71.000,21.500,XC16,砂质泥岩,,79.600,4.200,灰色，泥质结构，层状构造，主要矿物成分为粘土矿物及长石 、石英，岩石断口平坦状，手搓有沙粒感，局部含大量炭屑；岩 体固结程度低，易风化，裂隙不发育，岩质较软，莫尔硬度小于5,121,粗砾岩,,283.200,32.700
560,泥岩,5煤,28.490,0.730,10-3,5煤,5煤,32.550,0.800,464,5煤,5煤,25.020,0.100,BK009,炭质泥岩,5煤,15.450,0.910,182,泥岩,,46.900,9.160,10-6,5煤,5煤,72.650,1.950,10-4,泥岩,,175.030,42.400,10-2,砂质泥岩,,31.200,1.900,10-5,细粒砂岩,,84.160,0.600,120,泥岩,,81.000,10.000,XC16,泥岩,,81.000,1.400,深灰色，泥质结构，层状构造，主要矿物成分为粘土矿物，断 口平坦状，局部含大量炭屑；岩体固结程度低，易风化，裂隙不 发育，岩质较软，莫尔硬度小于5。,121,6-1煤,6-1煤,283.500,0.300
560,5煤,5煤,28.990,0.500,10-3,泥岩,5煤,32.770,0.220,464,泥岩,5煤,25.250,0.230,BK009,5煤,5煤,15.790,0.340,182,砂砾岩,,47.540,0.640,10-6,泥岩,5煤,74.140,1.490,10-4,细砾岩,,186.990,11.960,10-2,含砾细粒砂岩,,32.450,1.250,10-5,中砾岩,,85.160,1.000,120,煤,,81.500,0.500,XC16,砂质泥岩,,85.200,4.200,灰色，泥质结构，层状构造，主要矿物成分为粘土矿物及长石 、石英，岩石断口平坦状，手搓有沙粒感，局部含大量炭屑及砂 砾石，粒径0.1-0.5cm；岩层中夹细砂岩薄层；岩体固结程度低， 易风化，裂隙不发育，岩质较软，莫尔硬度小于5。,121,细粒砂岩,6-1煤,286.800,3.300
560,泥岩,5煤,29.230,0.240,10-3,5煤,5煤,34.530,1.760,464,5煤,5煤,25.550,0.300,BK009,泥岩,5煤,15.970,0.180,182,泥岩,,51.100,3.560,10-6,5煤,5煤,74.640,0.500,10-4,煤,,187.790,0.800,10-2,含砾中粒砂岩,,36.970,4.520,10-5,砂质泥岩,,85.960,0.800,120,泥岩,,84.000,2.500,XC16,砂砾岩,,85.700,0.500,灰绿色，硅质胶结，砂砾结构，块状构造，主要矿物成分为长 石、石英及粘土矿物，断面参差状；岩体固结性好，岩石坚硬， 锤击声脆，莫尔硬度大于5，透水性弱。,121,6-1煤,6-1煤,287.100,0.300
560,5煤,5煤,30.320,1.090,10-3,泥岩,5煤,34.960,0.430,464,炭质泥岩,5煤,25.720,0.170,BK009,5煤,5煤,16.520,0.550,182,砂砾岩,,51.850,0.750,10-6,泥岩,5煤,74.840,0.200,10-4,泥岩,,188.460,0.670,10-2,含砾泥岩,,43.500,6.530,10-5,中砾岩,,88.190,2.230,120,煤,,84.600,0.600,XC16,泥岩,,88.900,3.200,灰色，泥质结构，层状构造，断口平坦状，局部含少量炭屑； 岩体固结程度低，易风化，裂隙不发育，岩质较软，莫尔硬度小 于5。,121,泥岩,,288.300,1.200
560,泥岩,5煤,30.660,0.340,10-3,5煤,5煤,36.210,1.250,464,5煤,5煤,26.050,0.330,BK009,含炭泥岩,5煤,16.720,0.200,182,泥岩,,58.850,7.000,10-6,5煤,5煤,75.740,0.900,10-4,煤,,188.740,0.280,10-2,细砾岩,,44.000,0.500,10-5,泥岩,,90.490,2.300,120,泥岩,,97.100,12.500,XC16,砂砾岩,,92.000,3.100,灰绿色，泥质胶结，砂砾结构，块状构造，主要矿物成分为长 石、石英及粘土矿物，断面参差状，砂砾粒径0.1-1.5cm；岩芯破 碎，岩体固结程度低，岩石水浸易崩解，透水性较好,121,煤,,288.500,0.200
560,5煤,5煤,30.870,0.210,10-3,泥岩,5煤,36.490,0.280,464,泥岩,5煤,26.750,0.700,BK009,5煤,5煤,17.300,0.580,182,煤,,59.230,0.380,10-6,泥岩,5煤,76.640,0.900,10-4,泥岩,,190.060,1.320,10-2,含砾粗粒砂岩,,45.500,1.500,10-5,砂质泥岩,,95.830,5.340,120,煤,,97.600,0.500,XC16,砂质泥岩,,93.400,1.400,灰色，泥质结构，层状构造，主要矿物成分为粘土矿物及长石 、石英，岩石断口平坦状，手搓有沙粒感，局部含少量炭屑；岩 体固结程度低，易风化，裂隙不发育，岩质较软，莫尔硬度小于5,121,细粒砂岩,,310.520,22.020
560,泥岩,5煤,31.020,0.150,10-3,5煤,5煤,37.740,1.250,464,5煤,5煤,27.360,0.610,BK009,炭质泥岩,5煤,17.920,0.620,182,泥岩,,59.520,0.290,10-6,5煤,5煤,77.040,0.400,10-4,煤,,190.340,0.280,10-2,含砾泥岩,,63.140,17.640,10-5,泥岩,,99.830,4.000,120,泥岩,,109.240,11.640,XC16,砂砾岩,,102.700,9.300,灰绿色，泥质胶结，砂砾结构，块状构造，主要矿物成分为长 石、石英及粘土矿物，断面参差状，砂砾粒径0.2-1.5cm；岩芯破 碎，岩体固结程度低，岩石水浸易崩解，透水性较好。,121,6煤,6煤,310.720,0.200
560,5煤,5煤,31.270,0.250,10-3,泥岩,5煤,38.090,0.350,464,泥岩,5煤,27.590,0.230,BK009,5煤,5煤,18.720,0.800,182,煤,,59.890,0.370,10-6,泥岩,5煤,77.540,0.500,10-4,泥岩,,191.610,1.270,10-2,细砾岩,,64.840,1.700,10-5,5煤,5煤,100.230,0.400,120,煤,,109.750,0.510,XC16,砂质泥岩,,107.300,4.600,灰色，泥质结构，层状构造，主要矿物成分为粘土矿物及长石 、石英，岩石断口平坦状，手搓有沙粒感，局部含大量炭屑；中 夹砂砾岩薄层；岩体固结程度低，易风化，裂隙不发育，岩质较 软，莫尔硬度小于5。,121,细粒砂岩,6煤,311.520,0.800
560,泥岩,5煤,31.890,0.620,10-3,5煤,5煤,39.530,1.440,464,5煤,5煤,27.920,0.330,BK009,泥岩,5煤,18.960,0.240,182,泥岩,,60.890,1.000,10-6,5煤,5煤,84.200,6.660,10-4,煤,,192.120,0.510,10-2,含砾泥岩,,66.840,2.000,10-5,泥岩,5煤,101.230,1.000,120,泥岩,,117.500,8.800,XC16,细粒砂岩,,108.800,1.500,灰绿色，细粒结构，块状构造，主要矿物成分为长石、石英， 断口参差状；岩体固结程度低，水浸易崩解，透水性较好,121,6煤,6煤,311.670,0.150
560,5煤,5煤,32.380,0.490,10-3,泥岩,5煤,39.800,0.270,464,炭质泥岩,5煤,28.070,0.150,BK009,5煤,5煤,20.130,1.170,182,5煤,5煤,61.510,0.620,10-6,泥岩,5煤,84.400,0.200,10-4,泥岩,,192.850,0.730,10-2,含砾粗粒砂岩,,70.040,3.200,10-5,5煤,5煤,102.160,0.930,120,5煤,5煤,117.920,0.420,XC16,砂砾岩,,111.900,3.100,灰绿色，泥质胶结，砂砾结构，块状构造，主要矿物成分为长 石、石英及粘土矿物，断面参差状，砂砾粒径0.1-1.5cm；岩芯破 碎，岩体固结程度低，岩石水浸易崩解，透水性较好。,121,细粒砂岩,6煤,312.920,1.250
560,泥岩,5煤,32.520,0.140,10-3,5煤,5煤,41.800,2.000,464,5煤,5煤,29.000,0.930,BK009,泥岩,5煤,20.340,0.210,182,泥岩,5煤,61.910,0.400,10-6,5煤,5煤,84.700,0.300,10-4,煤,,192.970,0.120,10-2,细砾岩,,70.940,0.900,10-5,泥岩,5煤,108.490,6.330,120,泥岩,5煤,118.170,0.250,XC16,细粒砂岩,,116.600,4.700,灰绿色，细粒结构，块状构造，主要矿物成分为长石、石英， 断口参差状；局部夹泥岩、砂砾岩薄层；岩体固结程度低，水浸 易崩解，透水性较好。,121,6煤,6煤,313.040,0.120
560,5煤,5煤,33.270,0.750,10-3,泥岩,5煤,42.080,0.280,464,泥岩,5煤,29.100,0.100,BK009,5煤,5煤,21.290,0.950,182,5煤,5煤,62.250,0.340,10-6,泥岩,5煤,84.900,0.200,10-4,泥岩,,193.200,0.230,10-2,含砾粗粒砂岩,,71.340,0.400,10-5,5煤,5煤,109.190,0.700,120,5煤,5煤,118.690,0.520,XC16,砂砾岩,,119.100,2.500,灰绿色，泥质胶结，砂砾结构，块状构造，主要矿物成分为长 石、石英，断面参差状，砂砾粒径0.1-1.5cm；岩芯破碎，岩体固 结程度低，岩石水浸易崩解，透水性较好。,121,中粒砂岩,6煤,313.540,0.500
560,泥岩,5煤,34.040,0.770,10-3,5煤,5煤,42.690,0.610,464,5煤,5煤,29.360,0.260,BK009,含炭泥岩,5煤,21.670,0.380,182,泥岩,5煤,62.370,0.120,10-6,5煤,5煤,88.800,3.900,10-4,煤,,193.560,0.360,10-2,细砾岩,,88.500,17.160,10-5,泥岩,5煤,110.270,1.080,120,泥岩,5煤,119.000,0.310,XC16,泥岩,,121.200,2.100,深灰色，泥质结构，层状构造，主要矿物成分为粘土矿物，断 口平坦状；岩体固结程度低，易风化，裂隙不发育，岩质较软， 莫尔硬度小于5。,121,6煤,6煤,313.740,0.200
560,5煤,5煤,34.760,0.720,10-3,泥岩,5煤,42.960,0.270,464,泥岩,5煤,29.580,0.220,BK009,5煤,5煤,23.280,1.610,182,5煤,5煤,63.170,0.800,10-6,泥岩,5煤,89.000,0.200,10-4,泥岩,,196.010,2.450,10-2,含砾粗粒砂岩,,107.890,19.390,10-5,5煤,5煤,112.250,1.980,120,5煤,5煤,119.330,0.330,XC16,砂砾岩,,127.300,6.100,灰绿色，泥质胶结，底部硅质胶结，砂砾结构，块状构造，主 要矿物成分为长石、石英及粘土矿物，断面参差状，砂砾粒径0.1-1.5cm，局部含巨砾石，粒径2.0-5cm；岩芯破碎，岩体固结性差 ，岩石水浸易崩解，透水性较好。其中125.90-127.30m为硅质胶 结硬岩。,121,细粒砂岩,6煤,325.720,11.980
560,泥岩,5煤,34.890,0.130,10-3,5煤,5煤,43.520,0.560,464,5煤,5煤,29.840,0.260,BK009,泥岩,5煤,23.840,0.560,182,泥岩,5煤,63.420,0.250,10-6,5煤,5煤,95.000,6.000,10-4,煤,,196.450,0.440,10-2,含砾粗粒砂岩,,115.520,7.630,10-5,泥岩,5煤,112.550,0.300,120,泥岩,5煤,134.400,15.070,XC16,泥质砂岩,,131.100,3.800,浅灰绿色，细粒结构，块状构造，主要矿物成分为长石、石英 及粘土矿物，岩石断口参差状，局部含少量炭屑及砂砾石；岩体 固结程度差，易风化，裂隙不发育，岩质较软，莫尔硬度小于5,121,6煤,6煤,325.930,0.210
560,5煤,5煤,37.250,2.360,10-3,泥岩,5煤,45.390,1.870,464,泥岩,5煤,30.630,0.790,BK009,5煤,5煤,26.900,3.060,182,5煤,5煤,63.970,0.550,10-6,泥岩,5煤,95.500,0.500,10-4,泥岩,,217.440,20.990,10-2,砂质泥岩,,122.280,6.760,10-5,5煤,5煤,114.350,1.800,120,5煤,5煤,134.600,0.200,XC16,砂砾岩,,135.200,4.100,浅灰绿色，细粒结构，块状构造，主要矿物成分为长石、石英 及粘土矿物，岩石断口参差状，局部含少量炭屑及砂砾石；岩体 固结程度差，易风化，裂隙不发育，岩质较软，莫尔硬度小于5,121,细粒砂岩,6煤,326.470,0.540
560,泥岩,5煤,37.410,0.160,10-3,5煤,5煤,47.310,1.920,464,5煤,5煤,31.070,0.440,BK009,含炭泥岩,5煤,27.210,0.310,182,泥岩,5煤,64.100,0.130,10-6,5煤,5煤,97.820,2.320,10-4,煤,,218.030,0.590,10-2,含砾泥岩,,131.430,9.150,10-5,泥岩,5煤,117.550,3.200,120,泥岩,5煤,134.700,0.100,XC16,砂质泥岩,,144.500,9.300,灰绿色，泥质结构，层状构造，主要矿物成分为粘土矿物及长 石、石英，岩石断口参差状，手搓有沙粒感，局部含大量炭屑及 砂砾石，粒径0.1-0.25cm；中夹泥岩、砂砾岩薄层；岩体固结程 度低，易风化，裂隙不发育，岩质较软，莫尔硬度小于5。,121,6煤,6煤,326.770,0.300
560,5煤,5煤,37.540,0.130,10-3,粉砂岩,,55.560,8.250,464,泥岩,5煤,31.260,0.190,BK009,5煤,5煤,30.150,2.940,182,5煤,5煤,64.230,0.130,10-6,泥岩,,126.060,28.240,10-4,细砾岩,,219.630,1.600,10-2,细砾岩,,132.030,0.600,10-5,5煤,5煤,117.750,0.200,120,5煤,5煤,134.800,0.100,XC16,细粒砂岩,,149.400,4.900,灰绿色，细粒结构，块状构造，主要矿物成分为长石、石英， 断口参差状，含少量炭屑；中夹砂砾岩薄层；岩体固结程度低， 水浸易崩解，透水性较好。,121,细粒砂岩,6煤,330.520,3.750
560,泥岩,5煤,37.660,0.120,10-3,泥岩,,57.910,2.350,464,5煤,5煤,31.880,0.620,BK009,泥岩,5煤,30.640,0.490,182,泥岩,5煤,65.150,0.920,10-6,5下煤,5下煤,127.560,1.500,10-4,6煤,6煤,220.520,0.890,10-2,含砾泥岩,,148.230,16.200,10-5,泥岩,5煤,118.900,1.150,120,泥岩,5煤,134.920,0.120,XC16,砂质泥岩,,150.900,1.500,浅灰绿色，泥质结构，层状构造，主要矿物成分为粘土矿物及 长石、石英，岩石断口参差状，手搓有沙粒感，局部含大量炭屑 ；岩体固结程度低，易风化，裂隙不发育，岩质较软，莫尔硬度 小于5。,121,6煤,6煤,330.720,0.200
560,5煤,5煤,40.900,3.240,10-3,5下煤,5下煤,59.860,1.950,464,泥岩,5煤,32.990,1.110,BK009,5煤,5煤,31.950,1.310,182,5煤,5煤,65.580,0.430,10-6,泥岩,,130.860,3.300,10-4,泥岩,6煤,221.120,0.600,10-2,含砾粗粒砂岩,,149.730,1.500,10-5,5煤,5煤,120.550,1.650,120,5煤,5煤,135.170,0.250,XC16,砂砾岩,,153.400,2.500,灰绿色，泥质胶结，砂砾结构，块状构造，主要矿物成分为长 石、石英及粘土矿物，断面参差状，砂砾粒径0.5-2.0cm；岩芯破 碎，岩体固结性差，岩石水浸易崩解，透水性较好,121,细粒砂岩,6煤,338.220,7.500
560,泥岩,5煤,41.020,0.120,10-3,泥岩,,77.870,18.010,464,5煤,5煤,33.340,0.350,BK009,泥岩,5煤,32.190,0.240,182,泥岩,5煤,65.760,0.180,10-6,煤,,131.260,0.400,10-4,6煤,6煤,222.020,0.900,10-2,含砾泥岩,,152.230,2.500,10-5,泥岩,5煤,125.150,4.600,120,泥岩,5煤,135.450,0.280,XC16,砂质泥岩,,158.400,5.000,浅灰绿色，泥质结构，层状构造，主要矿物成分为粘土矿物及 长石、石英，岩石断口参差状，局部含少量炭屑；中夹砂砾岩薄 层；岩体固结程度低，易风化，裂隙不发育，岩质较软，莫尔硬 度小于5。,121,6煤,6煤,338.470,0.250
560,5煤,5煤,41.210,0.190,10-3,6上煤,6上煤,78.720,0.850,464,泥岩,5煤,33.520,0.180,BK009,5煤,5煤,36.140,3.950,182,5煤,5煤,66.560,0.800,10-6,砂质泥岩,,138.360,7.100,10-4,泥岩,,236.670,14.650,10-2,粗粒砂岩,,154.230,2.000,10-5,5煤,5煤,128.900,3.750,120,5煤,5煤,136.350,0.900,XC16,泥质砂岩,,163.100,4.700,浅灰绿色，细粒结构，块状构造，主要矿物成分为长石、石英 及粘土矿物，岩石断口参差状，局部含大量炭屑及煤线；中夹砂 砾岩、泥岩薄层；岩体固结程度差，易风化，裂隙不发育，岩质 较软，莫尔硬度小于5。,121,细粒砂岩,6煤,344.320,5.850
560,泥岩,5煤,41.320,0.110,10-3,细粒砂岩,,119.450,40.730,464,5煤,5煤,35.350,1.830,BK009,泥岩,5煤,36.550,0.410,182,泥岩,5煤,67.360,0.800,10-6,粉砂岩,,154.370,16.010,10-4,细粒砂岩,,245.460,8.790,10-2,含砾泥岩,,156.230,2.000,10-5,泥岩,5煤,129.200,0.300,120,泥岩,5煤,136.520,0.170,XC16,粗粒砂岩,,166.000,2.900,灰绿色，砂砾结构，块状构造，主要矿物成分为长石、石英， 断口参差状，局部煤线夹层；岩体固结程度低，水浸易崩解，透 水性较好。,121,6煤,6煤,344.670,0.350
560,5煤,5煤,41.520,0.200,10-3,6煤,6煤,154.000,34.550,464,泥岩,5煤,35.830,0.480,BK009,5煤,5煤,37.940,1.390,182,5煤,5煤,67.460,0.100,10-6,泥岩,,156.770,2.400,10-4,泥岩,,264.110,18.650,10-2,含砾粗粒砂岩,,158.030,1.800,10-5,5煤,5煤,133.730,4.530,120,5煤,5煤,138.710,2.190,XC16,砂砾岩,,168.300,2.300,灰绿色，泥质胶结，砂砾结构，块状构造，主要矿物成分为长 石、石英及粘土矿物，断面参差状；岩芯破碎，岩体固结性差， 岩石水浸易崩解，透水性较好。,121,细粒砂岩,6煤,346.320,1.650
560,泥岩,5煤,41.640,0.120,10-3,泥岩,,155.900,1.900,464,5煤,5煤,38.970,3.140,BK009,泥岩,,40.000,2.060,182,炭质泥岩,5煤,68.060,0.600,10-6,粉砂岩,,160.180,3.410,,,,,,10-2,含砾泥岩,,171.830,13.800,10-5,泥岩,5煤,134.130,0.400,120,泥岩,5煤,138.850,0.140,XC16,细粒砂岩,,169.500,1.200,灰绿色，细粒结构，块状构造，主要矿物成分为长石、石英， 断口参差状，砂粒分选性差；岩体固结程度低。水浸易崩解，透 水性较好。,121,6煤,6煤,346.470,0.150
560,5煤,5煤,42.400,0.760,10-3,6下煤,6下煤,156.200,0.300,464,泥岩,5煤,39.270,0.300,BK009,粉砂岩,,48.370,8.370,182,5煤,5煤,68.360,0.300,10-6,6煤,6煤,167.000,6.820,,,,,,10-2,含砾粗粒砂岩,,173.480,1.650,10-5,5煤,5煤,134.430,0.300,120,5煤,5煤,138.950,0.100,XC16,粗粒砂岩,,171.700,2.200,灰绿色，砂砾结构，块状构造，主要矿物成分为长石、石英， 断口参差状；岩体固结程度低，水浸易崩解，透水性较好。,121,细粒砂岩,6煤,361.770,15.300
560,泥岩,5煤,42.510,0.110,10-3,泥岩,6下煤,156.600,0.400,464,5煤,5煤,39.430,0.160,BK009,煤,,50.270,1.900,182,炭质泥岩,5煤,68.610,0.250,10-6,泥岩,6煤,167.400,0.400,,,,,,10-2,含砾泥岩,,174.920,1.440,10-5,泥岩,5煤,134.630,0.200,120,泥岩,5煤,139.050,0.100,XC16,砂质泥岩,,173.200,1.500,浅灰色，泥质结构，层状构造，主要矿物成分为粘土矿物及长 石、石英，岩石断口参差状，局部含少量炭屑及砂砾石；中夹砂 砾岩薄层；岩体固结程度低，易风化，裂隙不发育，岩质较软， 莫尔硬度小于5,121,6煤,6煤,361.950,0.180
560,5煤,5煤,43.100,0.590,10-3,6下煤,6下煤,157.300,0.700,464,泥岩,5煤,39.580,0.150,BK009,泥岩,,71.630,21.360,182,5煤,5煤,70.750,2.140,10-6,6煤,6煤,172.200,4.800,,,,,,10-2,细砾岩,,178.360,3.440,10-5,5煤,5煤,135.380,0.750,120,5煤,5煤,139.250,0.200,XC16,砂砾岩,,177.100,3.900,灰绿色，泥质胶结，砂砾结构，块状构造，主要矿物成分为长 石、石英及粘土矿物，断面参差状；中夹泥质砂岩及煤薄层（175 .70-176.00m）；岩芯破碎，岩体固结性差，岩石水浸易崩解，透 水性较好。,121,细粒砂岩,6煤,362.660,0.710
560,炭质泥岩,5煤,43.290,0.190,10-3,泥岩,,159.340,2.040,464,5煤,5煤,40.250,0.670,BK009,5下煤,5下煤,72.970,1.340,182,炭质泥岩,5煤,71.130,0.380,10-6,泥岩,6煤,172.500,0.300,,,,,,10-2,含砾泥岩,,180.360,2.000,10-5,泥岩,5煤,135.730,0.350,120,泥岩,5煤,139.590,0.340,XC16,砂质泥岩,,188.000,10.900,灰-灰绿色，泥质结构，块状构造，主要矿物成分为粘土矿物及 长石、石英，岩石断口参差状，局部含少量炭屑；中夹细砂岩、 中粒砂岩薄层；岩体固结程度低，易风化，裂隙不发育，岩质较 软，莫尔硬度小于5。,121,6煤,6煤,362.940,0.280
560,5煤,5煤,45.970,2.680,10-3,细粒砂岩,,169.150,9.810,464,泥岩,5煤,40.420,0.170,BK009,粉砂岩,,90.030,17.060,182,5煤,5煤,74.890,3.760,10-6,6煤,6煤,188.510,16.010,,,,,,10-2,细砾岩,,183.930,3.570,10-5,5煤,5煤,136.230,0.500,120,5煤,5煤,139.870,0.280,XC16,细粒砂岩,,189.000,1.000,灰绿色，细粒结构，块状构造，主要矿物成分为长石、石英， 断口参差状；中夹砂砾岩薄层；岩体固结程度低。水浸易崩解， 透水性较好。,121,细粒砂岩,6煤,363.550,0.610
560,泥岩,5煤,46.070,0.100,,,,,,464,5煤,5煤,40.880,0.460,BK009,粗粒砂岩,,108.430,18.400,182,炭质泥岩,5煤,75.080,0.190,10-6,泥岩,6煤,188.860,0.350,,,,,,10-2,砂质泥岩,,187.280,3.350,10-5,泥岩,5煤,136.530,0.300,120,泥岩,5煤,139.940,0.070,XC16,砂质泥岩,,189.800,0.800,浅灰绿色，泥质结构，层状构造，主要矿物成分为粘土矿物及 长石、石英，岩石断口参差状，局部含少量炭屑；岩体固结程度 低，易风化，裂隙不发育，岩质较软，莫尔硬度小于5。,121,6煤,6煤,363.750,0.200
560,5煤,5煤,46.970,0.900,,,,,,464,泥岩,5煤,41.050,0.170,BK009,粉砂岩,,125.040,16.610,182,5煤,5煤,75.780,0.700,10-6,5煤,6煤,191.760,2.900,,,,,,10-2,细砾岩,,193.150,5.870,10-5,5煤,5煤,139.370,2.840,120,5煤,5煤,140.760,0.820,XC16,砂砾岩,,191.500,1.700,灰绿色，泥质胶结，砂砾结构，块状构造，主要矿物成分为长 石、石英及粘土矿物，断面参差状；下部为泥岩薄层；岩芯破碎 ，岩体固结性差，岩石水浸易崩解，透水性较好。,121,细粒砂岩,6煤,364.750,1.000
560,泥岩,5煤,47.130,0.160,,,,,,464,5煤,5煤,42.220,1.170,BK009,6煤,6煤,125.610,0.570,182,泥岩,5煤,75.890,0.110,10-6,泥岩,6煤,192.160,0.400,,,,,,10-2,粗粒砂岩,,195.150,2.000,10-5,泥岩,5煤,139.670,0.300,120,泥岩,5煤,140.940,0.180,XC16,砂质泥岩,,196.000,4.500,浅灰绿色下部灰黑色，泥质结构，层状构造，主要矿物成分为 粘土矿物及长石、石英，岩石断口参差状，局部含少量炭屑；中 夹砂砾岩薄层；岩体固结程度低，易风化，裂隙不发育，岩质较 软，莫尔硬度小于5。,121,6煤,6煤,365.170,0.420
560,5煤,5煤,47.940,0.810,,,,,,464,炭质泥岩,5煤,42.460,0.240,BK009,泥岩,6煤,125.860,0.250,182,5煤,5煤,76.340,0.450,10-6,6煤,6煤,210.460,18.300,,,,,,10-2,含砾泥岩,,197.350,2.200,10-5,5煤,5煤,141.470,1.800,120,5煤,5煤,141.260,0.320,XC16,砂砾岩,,197.200,1.200,灰绿色，硅质胶结，砂砾结构，块状构造，主要矿物成分为长 石、石英，断面参差,121,中粒砂岩,,504.730,139.560
560,泥岩,,51.340,3.400,,,,,,464,5煤,5煤,44.030,1.570,BK009,6煤,6煤,135.130,9.270,182,泥岩,5煤,76.510,0.170,10-6,泥岩,6煤,210.860,0.400,,,,,,10-2,含砾粗粒砂岩,,199.050,1.700,10-5,泥岩,5煤,141.670,0.200,120,泥岩,5煤,141.410,0.150,XC16,砂质泥岩,,200.300,3.100,浅灰绿色，泥质结构，层状构造，主要矿物成分为粘土矿物及 长石、石英，岩石断口参差状；岩体固结程度低，易风化，裂隙 不发育，岩质较软，莫尔硬度小于5。,121,7煤,7煤,504.870,0.140
560,粉砂岩,,52.840,1.500,,,,,,464,泥岩,5煤,44.380,0.350,BK009,泥岩,6煤,135.400,0.270,182,5煤,5煤,78.650,2.140,10-6,6煤,6煤,212.860,2.000,,,,,,10-2,砂质泥岩,,207.650,8.600,10-5,5煤,5煤,142.450,0.780,120,5煤,5煤,141.890,0.480,XC16,砂砾岩,,207.300,7.000,灰绿色，泥质胶结，砂砾结构，块状构造，主要矿物成分为长 石、石英及粘土矿物，断面参差状，砂砾粒径0.1-1.5cm；岩体固 结性差，岩石水浸易崩解，透水性较好。其中204.90-206.30m、2 06.70-207.30m为硅质胶结硬岩。,121,细粒砂岩,7煤,505.030,0.160
560,泥岩,,76.620,23.780,,,,,,464,5煤,5煤,44.940,0.560,BK009,6煤,6煤,165.390,29.990,182,泥岩,5煤,78.970,0.320,10-6,砂质泥岩,,228.630,15.770,,,,,,10-2,细砾岩,,208.950,1.300,10-5,泥岩,5煤,142.750,0.300,120,泥岩,5煤,142.060,0.170,XC16,泥岩,,208.700,1.400,灰色，泥质结构，层状构造，主要矿物成分为粘土矿物，断口 平坦状，岩体固结程度差，易风化，裂隙不发育，岩质较软，莫 尔硬度小于5。,121,7煤,7煤,505.300,0.270
560,6上煤,6上煤,76.920,0.300,,,,,,464,泥岩,5煤,46.190,1.250,BK009,泥岩,6煤,165.990,0.600,182,5煤,5煤,79.900,0.930,,,,,,,,,,,10-2,中砾岩,,246.620,37.670,10-5,5煤,5煤,144.190,1.440,120,5煤,5煤,142.160,0.100,XC16,砂砾岩,,209.600,0.900,灰绿色，泥质胶结，砂砾结构，块状构造，主要矿物成分为长 石、石英及粘土矿物，断面参差状；岩芯破碎，岩体固结性差， 岩石水浸易崩解，透水性较好。,121,细粒砂岩,7煤,506.410,1.110
560,泥岩,6上煤,77.050,0.130,,,,,,464,5煤,5煤,46.960,0.770,BK009,6煤,6煤,167.640,1.650,182,泥岩,5煤,80.140,0.240,,,,,,,,,,,10-2,砂质泥岩,,247.320,0.700,10-5,泥岩,5煤,144.590,0.400,120,泥岩,5煤,142.310,0.150,XC16,砂质泥岩,,211.000,1.400,灰色，泥质结构，层状构造，主要矿物成分为粘土矿物及长石 、石英，岩石断口参差状；岩体固结程度低，易风化，裂隙不发 育，岩质较软，莫尔硬度小于5。,121,7煤,7煤,506.510,0.100
560,6上煤,6上煤,80.070,3.020,,,,,,464,泥岩,5煤,47.130,0.170,BK009,粉砂岩,,173.500,5.860,182,5煤,5煤,80.740,0.600,,,,,,,,,,,10-2,含砾中粒砂岩,,249.170,1.850,10-5,5煤,5煤,151.890,7.300,120,5煤,5煤,143.610,1.300,XC16,砂砾岩,,214.600,3.600,灰绿色，泥质胶结，砂砾结构，块状构造，主要矿物成分为长 石、石英及粘土矿物，断面参差状；岩芯破碎，岩体固结性差， 岩石水浸易崩解，透水性较好。,121,细粒砂岩,7煤,507.410,0.900
560,泥岩,,84.250,4.180,,,,,,464,5煤,5煤,47.470,0.340,,,,,,182,泥岩,5煤,81.100,0.360,,,,,,,,,,,10-2,砂质泥岩,,254.110,4.940,10-5,细粒砂岩,,153.090,1.200,120,泥岩,5煤,143.860,0.250,XC16,泥岩,,215.400,0.800,灰色，泥质结构，层状构造，主要矿物成分为粘土矿物，断口 平坦状，局部含少量炭屑；岩体固结程度差，易风化，裂隙不发 育，岩质较软，莫尔硬度小于5。,121,7煤,7煤,507.610,0.200
560,细粒砂岩,,87.810,3.560,,,,,,464,泥岩,,56.680,9.210,,,,,,182,5煤,5煤,81.690,0.590,,,,,,,,,,,10-2,中砾岩,,257.410,3.300,10-5,泥岩,,180.980,27.890,120,5煤,5煤,144.140,0.280,XC16,泥质砂岩,,218.600,3.200,灰色，粉砂质结构，块状构造，主要矿物成分为长石、石英及 粘土矿物，断口参差状；中夹砂砾岩薄层；岩体固结程度较好， 岩石半坚硬，透水性弱。,121,细粒砂岩,7煤,508.860,1.250
560,粉砂岩,,89.650,1.840,,,,,,464,5下煤,5下煤,58.660,1.980,,,,,,182,泥岩,5煤,81.810,0.120,,,,,,,,,,,10-2,砂质泥岩,,260.440,3.030,10-5,6上煤,6上煤,186.890,5.910,120,泥岩,5煤,144.460,0.320,XC16,砂砾岩,,220.400,1.800,灰绿色，泥质胶结，砂砾结构，块状构造，主要矿物成分为长 石、石英及粘土矿物，断面参差状；岩芯破碎，岩体固结性差， 岩石水浸易崩解，透水性较好。,121,7煤,7煤,508.960,0.100
560,泥岩,,90.150,0.500,,,,,,464,粉砂岩,,60.120,1.460,,,,,,182,5煤,5煤,82.650,0.840,,,,,,,,,,,10-2,中砾岩,,261.440,1.000,10-5,泥岩,6上煤,187.090,0.200,120,5煤,5煤,144.880,0.420,XC16,砂质泥岩,,223.000,2.600,灰色，泥质结构，层状构造，主要矿物成分为粘土矿物及长石 、石英，岩石断口参差状，局部含少量炭屑；岩体固结程度低， 易风化，裂隙不发育，岩质较软，莫尔硬度小于5。,121,细粒砂岩,7煤,510.060,1.100
560,炭质泥岩,,90.400,0.250,,,,,,464,泥岩,,70.030,9.910,,,,,,182,泥岩,5煤,83.350,0.700,,,,,,,,,,,10-2,泥岩,,262.440,1.000,10-5,6上煤,6上煤,189.090,2.000,120,泥岩,5煤,145.080,0.200,XC16,砂砾岩,,226.800,3.800,灰绿色，泥质胶结，砂砾结构，块状构造，主要矿物成分为长 石、石英及粘土矿物，断面参差状；中夹砂质泥岩、泥质砂岩薄 层；岩芯破碎，岩体固结性差，岩石水浸易崩解，透水性较好。,121,7煤,7煤,510.210,0.150
560,粉砂岩,,90.530,0.130,,,,,,464,粉砂岩,,71.920,1.890,,,,,,182,5煤,5煤,83.540,0.190,,,,,,,,,,,10-2,中砾岩,,273.830,11.390,10-5,泥岩,,196.890,7.800,120,5煤,5煤,146.060,0.980,XC16,砂质泥岩,,233.600,6.800,灰色，泥质结构，块状构造，主要矿物成分为粘土矿物，断口 参差状，局部含炭屑；中夹砂砾岩薄层；岩石固结程度低，易风 化，裂隙不发育，岩质较软，莫尔硬度小于5。,121,中粒砂岩,,518.020,7.810
560,炭质泥岩,,90.670,0.140,,,,,,464,泥岩,,74.600,2.680,,,,,,182,泥岩,5煤,83.770,0.230,,,,,,,,,,,10-2,泥岩,,274.780,0.950,10-5,6-1煤,6-1煤,197.550,0.660,120,泥岩,5煤,146.660,0.600,XC16,砂砾岩,,234.460,0.860,灰绿色，泥质胶结，砂砾结构，块状构造，主要矿物成分为长 石、石英及粘土矿物，断面参差状；岩芯破碎，岩体固结性差， 岩石水浸易崩解，透水性较好。,121,8煤,8煤,518.630,0.610
560,泥岩,,90.970,0.300,,,,,,464,粉砂岩,,75.850,1.250,,,,,,182,5煤,5煤,86.220,2.450,,,,,,,,,,,10-2,砂质泥岩,,275.780,1.000,10-5,泥岩,6-1煤,199.100,1.550,120,5煤,5煤,146.840,0.180,XC16,泥岩,,236.410,1.950,灰色，泥质结构，层状构造，主要矿物成分为粘土矿物，断口 平坦状，局部含少量炭屑；岩体固结程度差，易风化，裂隙不发 育，岩质较软，莫尔硬度小于5。,121,细粒砂岩,8煤,519.000,0.370
560,炭质泥岩,,91.100,0.130,,,,,,464,泥岩,,77.080,1.230,,,,,,182,泥岩,,87.370,1.150,,,,,,,,,,,10-2,中砾岩,,282.690,6.910,10-5,6-1煤,6-1煤,199.900,0.800,120,泥岩,5煤,146.960,0.120,XC16,5煤,5煤,236.590,0.180,褐色，条痕呈褐色，弱沥青光泽，具有参差状断口，条带状结 构，层状构造，以暗煤为主，亮煤次之，含镜煤和丝炭，外生裂 隙发育。,121,8煤,8煤,519.460,0.460
560,泥岩,,94.120,3.020,,,,,,464,砂质泥岩,,77.410,0.330,,,,,,182,细粒砂岩,,89.340,1.970,,,,,,,,,,,10-2,粉砂岩,,283.390,0.700,10-5,泥岩,6-1煤,200.450,0.550,120,5煤,5煤,148.460,1.500,XC16,砂质泥岩,5煤,236.770,0.180,灰色，泥质结构，层状构造，主要矿物成分为粘土矿物，断口 参差状，局部含少量炭屑；中夹煤线、泥岩、砂砾岩、细砂岩薄 层；岩石固结程度低，易风化，裂隙不发育。,121,细粒砂岩,,523.230,3.770
560,粉砂岩,,105.280,11.160,,,,,,464,泥岩,,86.060,8.650,,,,,,182,泥岩,,99.060,9.720,,,,,,,,,,,10-2,中砾岩,,285.850,2.460,10-5,6-1煤,6-1煤,200.800,0.350,120,泥岩,5煤,148.860,0.400,XC16,5煤,5煤,237.230,0.460,褐色，条痕呈褐色，弱沥青光泽，具有参差状断口，条带状结 构，层状构造，以暗煤为主，亮煤次之，含镜煤和丝炭，外生裂 隙发育。,121,9煤,9煤,523.570,0.340
560,6煤,6煤,108.920,3.640,,,,,,464,粉砂岩,,131.340,45.280,,,,,,182,细粒砂岩,,100.760,1.700,,,,,,,,,,,10-2,泥岩,,287.850,2.000,10-5,泥岩,,204.250,3.450,120,5煤,5煤,149.200,0.340,XC16,细粒砂岩,5煤,240.140,2.910,灰绿色，细粒结构，块状构造，主要矿物成分为长石、石英， 断口参差状；中夹砂砾岩薄层；岩体固结程度低。水浸易崩解， 透水性较好。,121,细粒砂岩,9煤,524.210,0.640
560,泥岩,6煤,109.460,0.540,,,,,,464,6煤,6煤,135.390,4.050,,,,,,182,泥岩,,103.470,2.710,,,,,,,,,,,10-2,中砾岩,,289.680,1.830,10-5,粉砂岩,,207.050,2.800,120,泥岩,5煤,149.310,0.110,XC16,5煤,5煤,240.310,0.170,褐色，条痕呈褐色，弱沥青光泽，具有参差状断口，条带状结 构，层状构造，以暗煤为主，亮煤次之，含镜煤和丝炭，外生裂 隙发育。,121,9煤,9煤,524.610,0.400
560,6煤,6煤,141.090,31.630,,,,,,464,炭质泥岩,6煤,135.690,0.300,,,,,,182,粉砂岩,,105.380,1.910,,,,,,,,,,,10-2,泥岩,,293.680,4.000,10-5,泥岩,,210.950,3.900,120,5煤,5煤,149.560,0.250,XC16,砂质泥岩,,246.810,6.500,灰色，泥质结构，层状构造，主要矿物成分为粘土矿物，断口 参差状，局部含少量炭屑；中夹煤线、泥岩、砂砾岩、细砂岩薄 层；岩石固结程度低，易风化，裂隙不发育。,121,细粒砂岩,9煤,525.110,0.500
560,泥岩,6煤,142.260,1.170,,,,,,464,6煤,6煤,167.150,31.460,,,,,,182,炭质泥岩,,106.110,0.730,,,,,,,,,,,10-2,细砾岩,,294.730,1.050,10-5,中粒砂岩,,212.250,1.300,120,泥岩,5煤,149.660,0.100,XC16,泥岩,,248.310,1.500,灰色，泥质结构，层状构造，主要矿物成分为粘土矿物，断口 平坦状，局部含大量炭屑；中夹砂质泥岩薄层；岩体固结程度差 ，易风化，裂隙不发育，岩质较软，莫尔硬度小于5。,121,9煤,9煤,525.510,0.400
560,6煤,6煤,142.500,0.240,,,,,,464,泥岩,6煤,168.490,1.340,,,,,,182,5下煤,5下煤,106.220,0.110,,,,,,,,,,,10-2,细粒砂岩,,295.730,1.000,10-5,泥岩,,216.120,3.870,120,5煤,5煤,149.990,0.330,XC16,砂质泥岩,,251.510,3.200,灰色，泥质结构，层状构造，主要矿物成分为粘土矿物，断口 参差状，局部含少量炭屑；中夹泥岩、砂砾岩薄层；岩石固结程 度低，易风化，裂隙不发育，岩质较软，莫尔硬度小于5。,121,细粒砂岩,9煤,526.330,0.820
560,泥岩,6煤,142.770,0.270,,,,,,464,6煤,6煤,168.730,0.240,,,,,,182,炭质泥岩,5下煤,106.380,0.160,,,,,,,,,,,10-2,含砾中粒砂岩,,299.390,3.660,10-5,细粒砂岩,,220.820,4.700,120,泥岩,5煤,150.090,0.100,XC16,砂砾岩,,252.410,0.900,灰绿色，泥质胶结，砂砾结构，块状构造，主要矿物成分为长 石、石英，断面参差状；中夹细砂岩薄层；岩芯破碎，岩体固结 性差，岩石水浸易崩解，透水性较好。,121,9煤,9煤,526.550,0.220
560,6煤,6煤,143.390,0.620,,,,,,464,粉砂岩,6煤,169.100,0.370,,,,,,182,5下煤,5下煤,107.320,0.940,,,,,,,,,,,10-2,细粒砂岩,,303.720,4.330,10-5,泥岩,,223.020,2.200,120,5煤,5煤,151.300,1.210,XC16,泥质砂岩,,255.610,3.200,灰色、浅灰色，粉砂质结构，块状构造，主要矿物成分为长石 、石英，断口参差状；岩体固结程度较好，岩石半坚硬，透水性 弱。,121,泥岩,,619.980,93.430
560,细粒砂岩,,185.710,42.320,,,,,,464,6煤,6煤,169.600,0.500,,,,,,182,炭质泥岩,,107.480,0.160,,,,,,,,,,,10-2,细砾岩,,306.520,2.800,10-5,6煤,6煤,224.420,1.400,120,泥岩,5煤,151.750,0.450,XC16,砂砾岩,,263.810,8.200,灰绿色，泥质胶结，砂砾结构，块状构造，主要矿物成分为长 石、石英及粘土矿物，断面参差状；中夹泥质砂岩薄层；岩芯破 碎，岩体固结性差，岩石水浸易崩解，透水性较好。,121,10煤,10煤,620.380,0.400
560,7煤,7煤,185.960,0.250,,,,,,464,细粒砂岩,,217.330,47.730,,,,,,182,泥岩,,118.890,11.410,,,,,,,,,,,10-2,泥岩,,313.510,6.990,10-5,泥岩,6煤,224.720,0.300,120,5煤,5煤,153.350,1.600,XC16,细粒砂岩,,264.610,0.800,灰绿色，细粒结构，块状构造，主要矿物成分为长石、石英， 断面参差状，局部含少量炭屑；岩石固结程度低，水浸易崩解， 透水性较好。,121,泥岩,10煤,620.630,0.250
560,泥岩,7煤,186.220,0.260,,,,,,464,煤,7煤,217.500,0.170,,,,,,182,粉砂岩,,130.220,11.330,,,,,,,,,,,10-2,含砾细粒砂岩,,320.990,7.480,10-5,6煤,6煤,225.120,0.400,120,泥岩,5煤,154.140,0.790,XC16,砂砾岩,,265.410,0.800,灰绿色，泥质胶结，砂砾结构，块状构造，主要矿物成分为长 石、石英及粘土矿物，断面参差状；中夹泥质砂岩薄层；岩芯破 碎，岩体固结性差，岩石水浸易崩解，透水性较好,121,10煤,10煤,620.740,0.110
560,7煤,7煤,192.080,5.860,,,,,,464,泥岩,7煤,217.780,0.280,,,,,,182,细粒砂岩,,138.420,8.200,,,,,,,,,,,10-2,泥岩,,321.770,0.780,10-5,泥岩,6煤,227.020,1.900,120,5煤,5煤,154.770,0.630,XC16,泥质砂岩,,271.820,6.410,灰色、浅灰色，粉砂质结构，块状构造，主要矿物成分为长石 、石英，断口参差状；中夹煤线及泥岩薄层；岩体固结程度较好 ，岩石半坚硬，透水性弱,121,泥岩,,663.640,42.900
560,细粒砂岩,,199.500,7.420,,,,,,464,煤,7煤,218.890,1.110,,,,,,182,粉砂岩,,150.380,11.960,,,,,,,,,,,10-2,含砾细粒砂岩,,322.770,1.000,10-5,6煤,6煤,228.020,1.000,120,泥岩,5煤,155.570,0.800,XC16,5下煤,5下煤,272.000,0.180,褐色，条痕呈褐色，弱沥青光泽，具有参差状断口，条带状结 构，层状构造，以暗煤为主，亮煤次之，含镜煤和丝炭，外生裂 隙发育。,121,11煤,11煤,664.010,0.370
560,8煤,8煤,199.700,0.200,,,,,,464,泥岩,7煤,219.080,0.190,,,,,,182,中粒砂岩,,157.120,6.740,,,,,,,,,,,10-2,细粒砂岩,,327.260,4.490,10-5,泥岩,6煤,228.120,0.100,120,5煤,5煤,155.770,0.200,XC16,砂质泥岩,,283.400,11.400,灰色，泥质结构，层状构造，主要矿物成分为粘土矿物，断口 参差状；中夹煤线（217.75-217.95m）及泥岩薄层；岩石固结程 度低，易风化，裂隙不发育，岩质较软，莫尔硬度小于5。,121,砂质泥岩,11煤,664.120,0.110
560,泥岩,8煤,200.050,0.350,,,,,,464,煤,7煤,221.310,2.230,,,,,,182,泥岩,,160.320,3.200,,,,,,,,,,,10-2,中砾岩,,328.260,1.000,10-5,6煤,6煤,228.920,0.800,120,泥岩,5煤,155.970,0.200,XC16,泥岩,,288.100,4.700,灰色，泥质结构，层状构造，主要矿物成分为粘土矿物，断面 平坦状，局部含少量炭屑、煤线；岩体固结程度差，易风化，岩 质较软，裂隙不发育，莫尔硬度小于5,121,11煤,11煤,664.350,0.230
560,8煤,8煤,200.300,0.250,,,,,,464,泥岩,7煤,221.460,0.150,,,,,,182,炭质泥岩,,162.350,2.030,,,,,,,,,,,10-2,含砾细粒砂岩,,331.180,2.920,10-5,泥岩,6煤,229.070,0.150,120,5煤,5煤,156.370,0.400,XC16,砂质泥岩,,292.600,4.500,灰色，泥质结构，层状构造，主要矿物成分为粘土矿物，断口 参差状，局部含少量炭屑、煤线；岩石固结程度低，易风化，裂 隙不发育，岩质较软，莫尔硬度小于5。,121,砂质泥岩,11煤,664.840,0.490
560,泥岩,8煤,200.580,0.280,,,,,,464,煤,7煤,224.260,2.800,,,,,,182,6煤,6煤,162.740,0.390,,,,,,,,,,,10-2,粉砂岩,,334.280,3.100,10-5,6煤,6煤,230.990,1.920,120,泥岩,5煤,156.970,0.600,XC16,泥岩,,296.900,4.300,灰色，泥质结构，层状构造，主要矿物成分为粘土矿物，断面 平坦状，局部含少量炭屑、煤线；岩体固结程度差，易风化，岩 质较软，裂隙不发育，莫尔硬度小于5,121,11煤,11煤,666.510,1.670
560,8煤,8煤,201.600,1.020,,,,,,464,细粒砂岩,,226.970,2.710,,,,,,182,泥岩,6煤,162.870,0.130,,,,,,,,,,,10-2,细砾岩,,336.030,1.750,10-5,泥岩,6煤,231.190,0.200,120,5煤,5煤,157.750,0.780,XC16,砂质泥岩,,303.730,6.830,灰色，泥质结构，层状构造，主要矿物成分为粘土矿物，断口 参差状，局部含少量炭屑、煤线；中夹砂砾岩薄层；岩石固结程 度低，易风化，裂隙不发育，岩质较软，莫尔硬度小于5。,121,泥岩,11煤,666.760,0.250
560,细粒砂岩,,202.450,0.850,,,,,,464,8煤,8煤,227.180,0.210,,,,,,182,6煤,6煤,175.060,12.190,,,,,,,,,,,10-2,泥岩,,341.930,5.900,10-5,6煤,6煤,249.890,18.700,120,泥岩,5煤,157.900,0.150,XC16,6上煤,6上煤,303.890,0.160,褐色，条痕呈褐色，弱沥青光泽，具有参差状断口，条带状结 构，层状构造，以暗煤为主，亮煤次之，含镜煤和丝炭，外生裂 隙发育。,121,11煤,11煤,667.450,0.690
560,9煤,9煤,203.270,0.820,,,,,,464,泥岩,8煤,227.480,0.300,,,,,,182,泥岩,6煤,175.320,0.260,,,,,,,,,,,10-2,中砾岩,,344.580,2.650,10-5,泥岩,6煤,250.090,0.200,120,5煤,5煤,158.130,0.230,XC16,砂质泥岩,6上煤,304.760,0.870,灰色，泥质结构，层状构造，主要矿物成分为粘土矿物，断口 参差状，局部含少量炭屑、煤线；中夹砂砾岩薄层；岩石固结程 度低，易风化，裂隙不发育，岩质较软，莫尔硬度小于5。,121,砂质泥岩,11煤,667.800,0.350
560,泥岩,9煤,204.200,0.930,,,,,,464,8煤,8煤,227.870,0.390,,,,,,182,6煤,6煤,185.160,9.840,,,,,,,,,,,10-2,泥岩,,346.430,1.850,10-5,6煤,6煤,250.390,0.300,120,泥岩,5煤,158.720,0.590,XC16,6上煤,6上煤,304.940,0.180,褐色，条痕呈褐色，弱沥青光泽，具有参差状断口，条带状结 构，层状构造，以暗煤为主，亮煤次之，含镜煤和丝炭，外生裂 隙发育。,121,11煤,11煤,668.150,0.350
560,9煤,9煤,204.530,0.330,,,,,,464,泥岩,8煤,228.130,0.260,,,,,,182,炭质泥岩,6煤,185.390,0.230,,,,,,,,,,,10-2,中砾岩,,351.760,5.330,10-5,泥岩,6煤,250.990,0.600,120,5煤,5煤,159.750,1.030,XC16,砂砾岩,,305.640,0.700,浅灰绿色，硅质胶结，砂砾结构，块状构造，主要矿物成分为 长石、石英，断面参差状；岩体固结程度较好，岩石坚硬，锤击 声脆，透水性弱。,121,泥岩,11煤,669.700,1.550
560,泥岩,9煤,204.780,0.250,,,,,,464,8煤,8煤,229.030,0.900,,,,,,182,6煤,6煤,201.720,16.330,,,,,,,,,,,,,,,,10-5,6煤,6煤,251.390,0.400,120,细粒砂岩,,162.820,3.070,XC16,砂质泥岩,,309.940,4.300,灰色，泥质结构，层状构造，主要矿物成分为粘土矿物，断口 参差状，局部含少量炭屑、煤线；中夹砂砾岩薄层；岩石固结程 度低，易风化，裂隙不发育，岩质较软，莫尔硬度小于5。,121,11煤,11煤,669.850,0.150
560,9煤,9煤,205.150,0.370,,,,,,464,中粒砂岩,,230.980,1.950,,,,,,182,细粒砂岩,6煤,202.650,0.930,,,,,,,,,,,,,,,,10-5,泥岩,,255.390,4.000,120,5下煤,5下煤,162.920,0.100,XC16,砂砾岩,,313.920,3.980,灰白、灰绿色，泥质胶结，砂砾结构，块状构造，主要矿物成 分为长石、石英及粘土矿物，断面参差状；岩芯破碎，岩体固结 性差，岩石水浸易崩解，透水性较好。,121,砂质泥岩,11煤,670.020,0.170
560,细粒砂岩,,330.930,125.780,,,,,,464,9煤,9煤,231.100,0.120,,,,,,182,6煤,6煤,203.350,0.700,,,,,,,,,,,,,,,,10-5,6下煤,6下煤,256.290,0.900,120,泥岩,5下煤,163.250,0.330,XC16,细粒砂岩,,319.040,5.120,灰白色，细粒结构，块状构造，主要矿物成分为长石、石英， 断口参差状；岩体固结程度低，水浸易崩解，透水性较好；其中3 15.55-316.00m为硅质胶结硬岩。,121,11煤,11煤,670.270,0.250
560,11煤,11煤,331.700,0.770,,,,,,464,泥岩,9煤,231.400,0.300,,,,,,182,泥岩,6煤,203.650,0.300,,,,,,,,,,,,,,,,10-5,泥岩,6下煤,256.690,0.400,120,5下煤,5下煤,163.370,0.120,XC16,泥岩,,321.640,2.600,灰色，泥质结构，层状构造，断口平坦状，局部含少量炭屑， 煤线（318.55-318.60m）；岩体固结程度低，易风化，裂隙不发 育，岩质较软，莫尔硬度小于5。,121,泥岩,11煤,671.490,1.220
560,粉砂岩,,401.410,69.710,,,,,,464,9煤,9煤,231.550,0.150,,,,,,182,6煤,6煤,204.010,0.360,,,,,,,,,,,,,,,,10-5,6下煤,6下煤,257.790,1.100,120,泥岩,5下煤,164.090,0.720,XC16,细粒砂岩,,328.290,6.650,浅灰色，细粒结构，块状构造，主要矿物成分为长石、石英， 断口参差状；中夹粉砂岩（硬岩）、煤线（328.25-328.45m）、 砂砾岩薄层；岩体固结程度低，水浸易崩解，透水性较好,121,11煤,11煤,672.910,1.420
,,,,,,,,,,464,泥岩,9煤,231.690,0.140,,,,,,182,粉砂质泥岩,,223.600,19.590,,,,,,,,,,,,,,,,10-5,粉砂岩,,263.610,5.820,120,5下煤,5下煤,167.240,3.150,XC16,煤,,328.500,0.210,褐色，条痕呈褐色，弱沥青光泽，具有参差状断口，条带状结 构，层状构造，以暗煤为主，亮煤次之，含镜煤和丝炭，外生裂 隙发育。,121,泥岩,11煤,673.140,0.230
,,,,,,,,,,464,9煤,9煤,231.960,0.270,,,,,,,,,,,,,,,,,,,,,,,,,,10-5,煤,,264.250,0.640,120,细粒砂岩,,214.750,47.510,XC16,砂质泥岩,,342.080,13.580,灰色，泥质结构，层状构造，主要矿物成分为粘土矿物，断口 参差状，局部含少量炭屑、煤线；中夹砂砾岩薄层；岩石固结程 度低，易风化，裂隙不发育，岩质较软，莫尔硬度小于5。,121,11煤,11煤,674.490,1.350
,,,,,,,,,,464,泥岩,9煤,233.020,1.060,,,,,,,,,,,,,,,,,,,,,,,,,,10-5,粉砂岩,,278.470,14.220,120,煤,,214.850,0.100,XC16,6-1煤,6-1煤,342.500,0.420,褐色，条痕呈褐色，弱沥青光泽，具有参差状断口，条带状结 构，层状构造，以暗煤为主，亮煤次之，含镜煤和丝炭，外生裂 隙发育。,121,砂质泥岩,11煤,674.660,0.170
,,,,,,,,,,464,9煤,9煤,233.440,0.420,,,,,,,,,,,,,,,,,,,,,,,,,,,,,,,120,泥岩,,215.000,0.150,XC16,砂质泥岩,,349.140,6.640,灰色，泥质结构，层状构造，主要矿物成分为粘土矿物，断口 参差状，局部含少量炭屑、煤线；中夹砂砾岩薄层；岩石固结程 度低，易风化，裂隙不发育，岩质较软，莫尔硬度小于5。,121,11煤,11煤,674.760,0.100
,,,,,,,,,,464,泥岩,9煤,233.720,0.280,,,,,,,,,,,,,,,,,,,,,,,,,,,,,,,120,6煤,6煤,218.030,3.030,XC16,煤,,349.560,0.420,褐色，条痕呈褐色，弱沥青光泽，具有参差状断口，条带状结 构，层状构造，以暗煤为主，亮煤次之，含镜煤和丝炭，外生裂 隙发育。,121,泥岩,11煤,674.950,0.190
,,,,,,,,,,464,9煤,9煤,234.020,0.300,,,,,,,,,,,,,,,,,,,,,,,,,,,,,,,120,泥岩,6煤,218.130,0.100,XC16,泥岩,,351.770,2.210,灰色，泥质结构，层状构造，断面平坦状，局部含少量炭屑； 岩体固结程度差，易风化，岩质较软，裂隙不发育，莫尔硬度小 于5。,121,11煤,11煤,675.460,0.510
,,,,,,,,,,464,细粒砂岩,,377.760,143.740,,,,,,,,,,,,,,,,,,,,,,,,,,,,,,,120,6煤,6煤,221.980,3.850,XC16,6煤,6煤,352.720,0.950,褐色，条痕呈褐色，弱沥青光泽，具有参差状断口，条带状结 构，层状构造，以暗煤为主，亮煤次之，含镜煤和丝炭，外生裂 隙发育。,121,细粒砂岩,,738.000,62.540
,,,,,,,,,,464,11煤,11煤,378.380,0.620,,,,,,,,,,,,,,,,,,,,,,,,,,,,,,,120,泥岩,6煤,222.360,0.380,XC16,泥岩,6煤,352.820,0.100,灰色，泥质结构，层状构造，断面平坦状，局部含少量炭屑； 岩体固结程度差，易风化，岩质较软，裂隙不发育，莫尔硬度小 于5。,121,11下煤,11下煤,738.300,0.300
,,,,,,,,,,464,泥岩,11煤,378.560,0.180,,,,,,,,,,,,,,,,,,,,,,,,,,,,,,,120,6煤,6煤,223.360,1.000,XC16,6煤,6煤,353.070,0.250,褐色，条痕呈褐色，弱沥青光泽，具有参差状断口，条带状结 构，层状构造，以暗煤为主，亮煤次之，含镜煤和丝炭，外生裂 隙发育。,121,砂质泥岩,11下煤,738.500,0.200
,,,,,,,,,,464,11煤,11煤,378.760,0.200,,,,,,,,,,,,,,,,,,,,,,,,,,,,,,,120,泥岩,6煤,223.460,0.100,XC16,泥岩,6煤,353.160,0.090,灰色，泥质结构，层状构造，断面平坦状，局部含少量炭屑； 岩体固结程度差，易风化，岩质较软，裂隙不发育，莫尔硬度小 于5。,121,11下煤,11下煤,739.560,1.060
,,,,,,,,,,464,泥岩,11煤,378.900,0.140,,,,,,,,,,,,,,,,,,,,,,,,,,,,,,,120,6煤,6煤,224.860,1.400,XC16,6煤,6煤,353.440,0.280,褐色，条痕呈褐色，弱沥青光泽，具有参差状断口，条带状结 构，层状构造，以暗煤为主，亮煤次之，含镜煤和丝炭，外生裂 隙发育。,121,泥岩,11下煤,739.720,0.160
,,,,,,,,,,464,11煤,11煤,379.320,0.420,,,,,,,,,,,,,,,,,,,,,,,,,,,,,,,120,泥岩,6煤,224.960,0.100,XC16,砂质泥岩,6煤,353.770,0.330,灰色，泥质结构，层状构造，主要矿物成分为粘土矿物，断口 参差状，局部含少量炭屑、煤线；中夹砂砾岩薄层；岩石固结程 度低，易风化，裂隙不发育，岩质较软，莫尔硬度小于5。,121,11下煤,11下煤,740.020,0.300
,,,,,,,,,,464,泥岩,11煤,379.480,0.160,,,,,,,,,,,,,,,,,,,,,,,,,,,,,,,120,6煤,6煤,226.360,1.400,XC16,6煤,6煤,354.010,0.240,褐色，条痕呈褐色，弱沥青光泽，具有参差状断口，条带状结 构，层状构造，以暗煤为主，亮煤次之，含镜煤和丝炭，外生裂 隙发育。,121,泥岩,11下煤,743.260,3.240
,,,,,,,,,,464,11煤,11煤,380.060,0.580,,,,,,,,,,,,,,,,,,,,,,,,,,,,,,,120,泥岩,6煤,226.660,0.300,XC16,砂质泥岩,6煤,354.260,0.250,灰色，泥质结构，层状构造，主要矿物成分为粘土矿物，断口 参差状，局部含少量炭屑、煤线；中夹砂砾岩薄层；岩石固结程 度低，易风化，裂隙不发育，岩质较软，莫尔硬度小于5。,121,11下煤,11下煤,743.910,0.650
,,,,,,,,,,464,中粒砂岩,,548.400,168.340,,,,,,,,,,,,,,,,,,,,,,,,,,,,,,,120,6煤,6煤,227.660,1.000,XC16,6煤,6煤,354.570,0.310,褐色，条痕呈褐色，弱沥青光泽，具有参差状断口，条带状结 构，层状构造，以暗煤为主，亮煤次之，含镜煤和丝炭，外生裂 隙发育。,121,泥岩,11下煤,744.350,0.440
,,,,,,,,,,464,12煤,12煤,549.100,0.700,,,,,,,,,,,,,,,,,,,,,,,,,,,,,,,120,泥岩,6煤,227.810,0.150,XC16,泥岩,6煤,354.730,0.160,灰色，泥质结构，层状构造，断面平坦状，局部含少量炭屑； 岩体固结程度差，易风化，岩质较软，裂隙不发育，莫尔硬度小 于5。,121,11下煤,11下煤,745.100,0.750
,,,,,,,,,,464,泥岩,12煤,549.980,0.880,,,,,,,,,,,,,,,,,,,,,,,,,,,,,,,120,6煤,6煤,228.610,0.800,XC16,6煤,6煤,354.970,0.240,褐色，条痕呈褐色，弱沥青光泽，具有参差状断口，条带状结 构，层状构造，以暗煤为主，亮煤次之，含镜煤和丝炭，外生裂 隙发育。,121,泥岩,11下煤,745.790,0.690
,,,,,,,,,,464,12煤,12煤,550.480,0.500,,,,,,,,,,,,,,,,,,,,,,,,,,,,,,,120,泥岩,6煤,228.800,0.190,XC16,砂质泥岩,6煤,355.310,0.340,灰色，泥质结构，层状构造，主要矿物成分为粘土矿物，断口 参差状，局部含少量炭屑、煤线；中夹砂砾岩薄层；岩石固结程 度低，易风化，裂隙不发育，岩质较软，莫尔硬度小于5。,121,11下煤,11下煤,746.150,0.360
,,,,,,,,,,464,粉砂岩,,606.000,55.520,,,,,,,,,,,,,,,,,,,,,,,,,,,,,,,120,6煤,6煤,229.700,0.900,XC16,6煤,6煤,355.540,0.230,褐色，条痕呈褐色，弱沥青光泽，具有参差状断口，条带状结 构，层状构造，以暗煤为主，亮煤次之，含镜煤和丝炭，外生裂 隙发育。,121,砂质泥岩,,908.310,162.160
,,,,,,,,,,,,,,,,,,,,,,,,,,,,,,,,,,,,,,,,,,,,,120,泥岩,6煤,230.050,0.350,XC16,砂质泥岩,6煤,356.250,0.710,灰色，泥质结构，层状构造，主要矿物成分为粘土矿物，断口 参差状，局部含少量炭屑、煤线；中夹砂砾岩薄层；岩石固结程 度低，易风化，裂隙不发育，岩质较软，莫尔硬度小于5。,121,12煤,12煤,908.650,0.340
,,,,,,,,,,,,,,,,,,,,,,,,,,,,,,,,,,,,,,,,,,,,,120,6煤,6煤,230.950,0.900,XC16,6煤,6煤,357.120,0.870,褐色，条痕呈褐色，弱沥青光泽，具有参差状断口，条带状结 构，层状构造，以暗煤为主，亮煤次之，含镜煤和丝炭，外生裂 隙发育。,121,泥岩,12煤,908.990,0.340
,,,,,,,,,,,,,,,,,,,,,,,,,,,,,,,,,,,,,,,,,,,,,120,泥岩,6煤,231.200,0.250,XC16,砂质泥岩,6煤,357.720,0.600,灰色，泥质结构，层状构造，主要矿物成分为粘土矿物，断口 参差状，局部含少量炭屑、煤线；中夹砂砾岩薄层；岩石固结程 度低，易风化，裂隙不发育，岩质较软，莫尔硬度小于5。,121,12煤,12煤,909.400,0.410
,,,,,,,,,,,,,,,,,,,,,,,,,,,,,,,,,,,,,,,,,,,,,120,6煤,6煤,231.550,0.350,XC16,6煤,6煤,358.020,0.300,褐色，条痕呈褐色，弱沥青光泽，具有参差状断口，条带状结 构，层状构造，以暗煤为主，亮煤次之，含镜煤和丝炭，外生裂 隙发育。,121,泥岩,12煤,909.910,0.510
,,,,,,,,,,,,,,,,,,,,,,,,,,,,,,,,,,,,,,,,,,,,,120,泥岩,6煤,231.830,0.280,XC16,泥岩,6煤,358.200,0.180,灰色，泥质结构，层状构造，断面平坦状，局部含少量炭屑； 岩体固结程度差，易风化，岩质较软，裂隙不发育，莫尔硬度小 于5。,121,12煤,12煤,910.440,0.530
,,,,,,,,,,,,,,,,,,,,,,,,,,,,,,,,,,,,,,,,,,,,,120,6煤,6煤,233.530,1.700,XC16,6煤,6煤,359.340,1.140,褐色，条痕呈褐色，弱沥青光泽，具有参差状断口，条带状结 构，层状构造，以暗煤为主，亮煤次之，含镜煤和丝炭，外生裂 隙发育。,121,泥岩,12煤,910.920,0.480
,,,,,,,,,,,,,,,,,,,,,,,,,,,,,,,,,,,,,,,,,,,,,120,泥岩,6煤,233.830,0.300,XC16,砂质泥岩,6煤,360.140,0.800,灰色，泥质结构，层状构造，主要矿物成分为粘土矿物，断口 参差状，局部含少量炭屑、煤线；中夹砂砾岩薄层；岩石固结程 度低，易风化，裂隙不发育，岩质较软，莫尔硬度小于5。,121,12煤,12煤,911.160,0.240
,,,,,,,,,,,,,,,,,,,,,,,,,,,,,,,,,,,,,,,,,,,,,120,6煤,6煤,236.230,2.400,XC16,6煤,6煤,360.660,0.520,褐色，条痕呈褐色，弱沥青光泽，具有参差状断口，条带状结 构，层状构造，以暗煤为主，亮煤次之，含镜煤和丝炭，外生裂 隙发育。,121,泥岩,12煤,914.170,3.010
,,,,,,,,,,,,,,,,,,,,,,,,,,,,,,,,,,,,,,,,,,,,,120,泥岩,6煤,236.530,0.300,XC16,砂质泥岩,6煤,362.630,1.970,灰色，泥质结构，层状构造，主要矿物成分为粘土矿物，断口 参差状，局部含少量炭屑、煤线；中夹砂砾岩薄层；岩石固结程 度低，易风化，裂隙不发育，岩质较软，莫尔硬度小于5。,121,12煤,12煤,914.550,0.380
,,,,,,,,,,,,,,,,,,,,,,,,,,,,,,,,,,,,,,,,,,,,,120,6煤,6煤,237.030,0.500,XC16,6煤,6煤,362.880,0.250,褐色，条痕呈褐色，弱沥青光泽，具有参差状断口，条带状结 构，层状构造，以暗煤为主，亮煤次之，含镜煤和丝炭，外生裂 隙发育。,121,泥岩,12煤,914.990,0.440
,,,,,,,,,,,,,,,,,,,,,,,,,,,,,,,,,,,,,,,,,,,,,120,泥岩,6煤,237.430,0.400,XC16,砂质泥岩,6煤,363.440,0.560,灰色，泥质结构，层状构造，主要矿物成分为粘土矿物，断口 参差状，局部含少量炭屑、煤线；中夹砂砾岩薄层；岩石固结程 度低，易风化，裂隙不发育，岩质较软，莫尔硬度小于5。,121,12煤,12煤,915.320,0.330
,,,,,,,,,,,,,,,,,,,,,,,,,,,,,,,,,,,,,,,,,,,,,120,6煤,6煤,237.800,0.370,XC16,6煤,6煤,371.900,8.460,褐色，条痕呈褐色，弱沥青光泽，具有参差状断口，条带状结 构，层状构造，以暗煤为主，亮煤次之，含镜煤和丝炭，外生裂 隙发育。,121,泥岩,12煤,921.390,6.070
,,,,,,,,,,,,,,,,,,,,,,,,,,,,,,,,,,,,,,,,,,,,,120,泥岩,6煤,237.900,0.100,XC16,砂质泥岩,6煤,372.290,0.390,灰色，泥质结构，层状构造，主要矿物成分为粘土矿物，断口 参差状，局部含少量炭屑、煤线；中夹砂砾岩薄层；岩石固结程 度低，易风化，裂隙不发育，岩质较软，莫尔硬度小于5。,121,12煤,12煤,921.710,0.320
,,,,,,,,,,,,,,,,,,,,,,,,,,,,,,,,,,,,,,,,,,,,,120,6煤,6煤,238.150,0.250,XC16,6煤,6煤,372.570,0.280,褐色，条痕呈褐色，弱沥青光泽，具有参差状断口，条带状结 构，层状构造，以暗煤为主，亮煤次之，含镜煤和丝炭，外生裂 隙发育。,121,泥岩,12煤,921.820,0.110
,,,,,,,,,,,,,,,,,,,,,,,,,,,,,,,,,,,,,,,,,,,,,120,泥岩,6煤,238.520,0.370,XC16,泥岩,6煤,372.660,0.090,灰色，泥质结构，层状构造，断面平坦状，局部含少量炭屑； 岩体固结程度差，易风化，岩质较软，裂隙不发育，莫尔硬度小 于5。,121,12煤,12煤,922.030,0.210
,,,,,,,,,,,,,,,,,,,,,,,,,,,,,,,,,,,,,,,,,,,,,120,6煤,6煤,239.520,1.000,XC16,6煤,6煤,373.660,1.000,褐色，条痕呈褐色，弱沥青光泽，具有参差状断口，条带状结 构，层状构造，以暗煤为主，亮煤次之，含镜煤和丝炭，外生裂 隙发育。,121,泥岩,12煤,924.540,2.510
,,,,,,,,,,,,,,,,,,,,,,,,,,,,,,,,,,,,,,,,,,,,,120,泥岩,6煤,239.870,0.350,XC16,砂质泥岩,6煤,375.420,1.760,灰色，泥质结构，层状构造，主要矿物成分为粘土矿物，断口 参差状，局部含少量炭屑、煤线；中夹砂砾岩薄层；岩石固结程 度低，易风化，裂隙不发育，岩质较软，莫尔硬度小于5。,121,12煤,12煤,924.870,0.330
,,,,,,,,,,,,,,,,,,,,,,,,,,,,,,,,,,,,,,,,,,,,,120,6煤,6煤,242.370,2.500,XC16,6煤,6煤,378.770,3.350,褐色，条痕呈褐色，弱沥青光泽，具有参差状断口，条带状结 构，层状构造，以暗煤为主，亮煤次之，含镜煤和丝炭，外生裂 隙发育。,121,泥岩,12煤,925.780,0.910
,,,,,,,,,,,,,,,,,,,,,,,,,,,,,,,,,,,,,,,,,,,,,120,泥岩,6煤,242.720,0.350,XC16,泥岩,6煤,378.950,0.180,灰色，泥质结构，层状构造，断面平坦状，局部含少量炭屑； 岩体固结程度差，易风化，岩质较软，裂隙不发育，莫尔硬度小 于5。,121,12煤,12煤,925.850,0.070
,,,,,,,,,,,,,,,,,,,,,,,,,,,,,,,,,,,,,,,,,,,,,120,6煤,6煤,247.020,4.300,XC16,6煤,6煤,382.780,3.830,褐色，条痕呈褐色，弱沥青光泽，具有参差状断口，条带状结 构，层状构造，以暗煤为主，亮煤次之，含镜煤和丝炭，外生裂 隙发育。,121,泥岩,12煤,925.970,0.120
,,,,,,,,,,,,,,,,,,,,,,,,,,,,,,,,,,,,,,,,,,,,,120,泥岩,6煤,247.370,0.350,XC16,砂质泥岩,6煤,383.040,0.260,灰色，泥质结构，层状构造，主要矿物成分为粘土矿物，断口 参差状，局部含少量炭屑、煤线；中夹砂砾岩薄层；岩石固结程 度低，易风化，裂隙不发育，岩质较软，莫尔硬度小于5。,121,12煤,12煤,926.310,0.340
,,,,,,,,,,,,,,,,,,,,,,,,,,,,,,,,,,,,,,,,,,,,,120,6煤,6煤,253.800,6.430,XC16,6煤,6煤,383.250,0.210,褐色，条痕呈褐色，弱沥青光泽，具有参差状断口，条带状结 构，层状构造，以暗煤为主，亮煤次之，含镜煤和丝炭，外生裂 隙发育。,121,泥岩,12煤,926.630,0.320
,,,,,,,,,,,,,,,,,,,,,,,,,,,,,,,,,,,,,,,,,,,,,120,泥岩,6煤,254.270,0.470,XC16,砂质泥岩,6煤,383.500,0.250,灰色，泥质结构，层状构造，主要矿物成分为粘土矿物，断口 参差状，局部含少量炭屑、煤线；中夹砂砾岩薄层；岩石固结程 度低，易风化，裂隙不发育，岩质较软，莫尔硬度小于5。,121,12煤,12煤,927.000,0.370
,,,,,,,,,,,,,,,,,,,,,,,,,,,,,,,,,,,,,,,,,,,,,120,6煤,6煤,263.270,9.000,XC16,6煤,6煤,384.680,1.180,褐色，条痕呈褐色，弱沥青光泽，具有参差状断口，条带状结 构，层状构造，以暗煤为主，亮煤次之，含镜煤和丝炭，外生裂 隙发育。,121,泥岩,12煤,927.200,0.200
,,,,,,,,,,,,,,,,,,,,,,,,,,,,,,,,,,,,,,,,,,,,,120,泥岩,6煤,263.570,0.300,XC16,砂质泥岩,6煤,384.960,0.280,灰色，泥质结构，层状构造，主要矿物成分为粘土矿物，断口 参差状，局部含少量炭屑、煤线；中夹砂砾岩薄层；岩石固结程 度低，易风化，裂隙不发育，岩质较软，莫尔硬度小于5。,121,12煤,12煤,927.450,0.250
,,,,,,,,,,,,,,,,,,,,,,,,,,,,,,,,,,,,,,,,,,,,,120,6煤,6煤,268.100,4.530,XC16,6煤,6煤,385.110,0.150,褐色，条痕呈褐色，弱沥青光泽，具有参差状断口，条带状结 构，层状构造，以暗煤为主，亮煤次之，含镜煤和丝炭，外生裂 隙发育。,121,泥岩,12煤,934.780,7.330
,,,,,,,,,,,,,,,,,,,,,,,,,,,,,,,,,,,,,,,,,,,,,120,细粒砂岩,,378.970,110.870,XC16,泥岩,6煤,385.200,0.090,灰色，泥质结构，层状构造，断面平坦状，局部含少量炭屑； 岩体固结程度差，易风化，岩质较软，裂隙不发育，莫尔硬度小 于5。,121,12煤,12煤,935.010,0.230
,,,,,,,,,,,,,,,,,,,,,,,,,,,,,,,,,,,,,,,,,,,,,120,7煤,7煤,380.170,1.200,XC16,6煤,6煤,385.440,0.240,褐色，条痕呈褐色，弱沥青光泽，具有参差状断口，条带状结 构，层状构造，以暗煤为主，亮煤次之，含镜煤和丝炭，外生裂 隙发育。,121,泥岩,12煤,936.080,1.070
,,,,,,,,,,,,,,,,,,,,,,,,,,,,,,,,,,,,,,,,,,,,,120,泥岩,7煤,380.480,0.310,XC16,砂质泥岩,6煤,385.850,0.410,灰色，泥质结构，层状构造，主要矿物成分为粘土矿物，断口 参差状，局部含少量炭屑、煤线；中夹砂砾岩薄层；岩石固结程 度低，易风化，裂隙不发育，岩质较软，莫尔硬度小于5。,121,12煤,12煤,936.220,0.140
,,,,,,,,,,,,,,,,,,,,,,,,,,,,,,,,,,,,,,,,,,,,,120,7煤,7煤,382.600,2.120,XC16,6煤,6煤,386.220,0.370,褐色，条痕呈褐色，弱沥青光泽，具有参差状断口，条带状结 构，层状构造，以暗煤为主，亮煤次之，含镜煤和丝炭，外生裂 隙发育。,121,泥岩,12煤,936.780,0.560
,,,,,,,,,,,,,,,,,,,,,,,,,,,,,,,,,,,,,,,,,,,,,120,泥岩,7煤,382.760,0.160,XC16,泥岩,,388.000,1.780,灰色，泥质结构，层状构造，断面平坦状，局部含少量炭屑； 岩体固结程度差，易风化，岩质较软，裂隙不发育，莫尔硬度小 于5。,121,12煤,12煤,937.130,0.350
,,,,,,,,,,,,,,,,,,,,,,,,,,,,,,,,,,,,,,,,,,,,,120,7煤,7煤,383.480,0.720,XC16,粉砂岩,,388.500,0.500,浅灰色，粉砂质结构，块状构造，主要矿物成分为长石、石英 ，断口参差状；岩体固结程度较好，岩石坚硬，锤击声脆，透水 性弱。,121,泥岩,12煤,937.350,0.220
,,,,,,,,,,,,,,,,,,,,,,,,,,,,,,,,,,,,,,,,,,,,,120,泥岩,7煤,383.700,0.220,XC16,细粒砂岩,,391.320,2.820,浅灰色，细粒结构，块状构造，主要矿物成分为长石、石英， 断口参差状；岩体固结程度低，水浸易崩解，透水性较好。,121,12煤,12煤,938.300,0.950
,,,,,,,,,,,,,,,,,,,,,,,,,,,,,,,,,,,,,,,,,,,,,120,7煤,7煤,386.010,2.310,XC16,泥质砂岩,,397.200,5.880,浅灰色，粉砂质结构，块状构造，主要矿物成分为长石、石英 ，断口参差状，局部含少量炭屑；岩体固结程度较好，岩石半坚 硬，透水性弱。,121,细粒砂岩,,961.220,22.920
,,,,,,,,,,,,,,,,,,,,,,,,,,,,,,,,,,,,,,,,,,,,,120,泥岩,7煤,386.200,0.190,,,,,,,,,,,
,,,,,,,,,,,,,,,,,,,,,,,,,,,,,,,,,,,,,,,,,,,,,120,7煤,7煤,387.320,1.120,,,,,,,,,,,
,,,,,,,,,,,,,,,,,,,,,,,,,,,,,,,,,,,,,,,,,,,,,120,泥岩,7煤,387.500,0.180,,,,,,,,,,,
,,,,,,,,,,,,,,,,,,,,,,,,,,,,,,,,,,,,,,,,,,,,,120,7煤,7煤,388.000,0.500,,,,,,,,,,,
,,,,,,,,,,,,,,,,,,,,,,,,,,,,,,,,,,,,,,,,,,,,,120,泥岩,7煤,388.300,0.300,,,,,,,,,,,
,,,,,,,,,,,,,,,,,,,,,,,,,,,,,,,,,,,,,,,,,,,,,120,7煤,7煤,390.840,2.540,,,,,,,,,,,
,,,,,,,,,,,,,,,,,,,,,,,,,,,,,,,,,,,,,,,,,,,,,120,泥岩,7煤,391.000,0.160,,,,,,,,,,,
,,,,,,,,,,,,,,,,,,,,,,,,,,,,,,,,,,,,,,,,,,,,,120,7煤,7煤,392.890,1.890,,,,,,,,,,,
,,,,,,,,,,,,,,,,,,,,,,,,,,,,,,,,,,,,,,,,,,,,,120,泥岩,7煤,393.070,0.180,,,,,,,,,,,
,,,,,,,,,,,,,,,,,,,,,,,,,,,,,,,,,,,,,,,,,,,,,120,7煤,7煤,393.220,0.150,,,,,,,,,,,
,,,,,,,,,,,,,,,,,,,,,,,,,,,,,,,,,,,,,,,,,,,,,120,泥岩,7煤,393.930,0.710,,,,,,,,,,,
,,,,,,,,,,,,,,,,,,,,,,,,,,,,,,,,,,,,,,,,,,,,,120,7煤,7煤,394.300,0.370,,,,,,,,,,,
,,,,,,,,,,,,,,,,,,,,,,,,,,,,,,,,,,,,,,,,,,,,,120,泥岩,7煤,394.530,0.230,,,,,,,,,,,
,,,,,,,,,,,,,,,,,,,,,,,,,,,,,,,,,,,,,,,,,,,,,120,7煤,7煤,395.010,0.480,,,,,,,,,,,
,,,,,,,,,,,,,,,,,,,,,,,,,,,,,,,,,,,,,,,,,,,,,120,泥岩,7煤,395.180,0.170,,,,,,,,,,,
,,,,,,,,,,,,,,,,,,,,,,,,,,,,,,,,,,,,,,,,,,,,,120,7煤,7煤,396.120,0.940,,,,,,,,,,,
,,,,,,,,,,,,,,,,,,,,,,,,,,,,,,,,,,,,,,,,,,,,,120,泥岩,7煤,396.270,0.150,,,,,,,,,,,
,,,,,,,,,,,,,,,,,,,,,,,,,,,,,,,,,,,,,,,,,,,,,120,7煤,7煤,398.380,2.110,,,,,,,,,,,
,,,,,,,,,,,,,,,,,,,,,,,,,,,,,,,,,,,,,,,,,,,,,120,泥岩,7煤,398.540,0.160,,,,,,,,,,,
,,,,,,,,,,,,,,,,,,,,,,,,,,,,,,,,,,,,,,,,,,,,,120,7煤,7煤,398.990,0.450,,,,,,,,,,,
,,,,,,,,,,,,,,,,,,,,,,,,,,,,,,,,,,,,,,,,,,,,,120,泥岩,7煤,399.290,0.300,,,,,,,,,,,
,,,,,,,,,,,,,,,,,,,,,,,,,,,,,,,,,,,,,,,,,,,,,120,7煤,7煤,401.130,1.840,,,,,,,,,,,
,,,,,,,,,,,,,,,,,,,,,,,,,,,,,,,,,,,,,,,,,,,,,120,细粒砂岩,,412.540,11.410,,,,,,,,,,,
,,,,,,,,,,,,,,,,,,,,,,,,,,,,,,,,,,,,,,,,,,,,,120,8煤,8煤,413.690,1.150,,,,,,,,,,,
,,,,,,,,,,,,,,,,,,,,,,,,,,,,,,,,,,,,,,,,,,,,,120,细粒砂岩,,444.500,30.810,,,,,,,,,,,
,,,,,,,,,,,,,,,,,,,,,,,,,,,,,,,,,,,,,,,,,,,,,120,9煤,9煤,445.720,1.220,,,,,,,,,,,
,,,,,,,,,,,,,,,,,,,,,,,,,,,,,,,,,,,,,,,,,,,,,120,细粒砂岩,,529.040,83.320,,,,,,,,,,,
,,,,,,,,,,,,,,,,,,,,,,,,,,,,,,,,,,,,,,,,,,,,,120,10煤,10煤,529.700,0.660,,,,,,,,,,,
,,,,,,,,,,,,,,,,,,,,,,,,,,,,,,,,,,,,,,,,,,,,,120,细粒砂岩,,581.890,52.190,,,,,,,,,,,
,,,,,,,,,,,,,,,,,,,,,,,,,,,,,,,,,,,,,,,,,,,,,120,11煤,11煤,584.550,2.660,,,,,,,,,,,
,,,,,,,,,,,,,,,,,,,,,,,,,,,,,,,,,,,,,,,,,,,,,120,泥岩,11煤,584.690,0.140,,,,,,,,,,,
,,,,,,,,,,,,,,,,,,,,,,,,,,,,,,,,,,,,,,,,,,,,,120,11煤,11煤,585.340,0.650,,,,,,,,,,,
,,,,,,,,,,,,,,,,,,,,,,,,,,,,,,,,,,,,,,,,,,,,,120,泥岩,11煤,585.520,0.180,,,,,,,,,,,
,,,,,,,,,,,,,,,,,,,,,,,,,,,,,,,,,,,,,,,,,,,,,120,11煤,11煤,585.910,0.390,,,,,,,,,,,
,,,,,,,,,,,,,,,,,,,,,,,,,,,,,,,,,,,,,,,,,,,,,120,泥岩,11煤,586.200,0.290,,,,,,,,,,,
,,,,,,,,,,,,,,,,,,,,,,,,,,,,,,,,,,,,,,,,,,,,,120,11煤,11煤,586.540,0.340,,,,,,,,,,,
,,,,,,,,,,,,,,,,,,,,,,,,,,,,,,,,,,,,,,,,,,,,,120,泥岩,11煤,587.400,0.860,,,,,,,,,,,
,,,,,,,,,,,,,,,,,,,,,,,,,,,,,,,,,,,,,,,,,,,,,120,11煤,11煤,591.130,3.730,,,,,,,,,,,
,,,,,,,,,,,,,,,,,,,,,,,,,,,,,,,,,,,,,,,,,,,,,120,细粒砂岩,,656.820,65.690,,,,,,,,,,,
,,,,,,,,,,,,,,,,,,,,,,,,,,,,,,,,,,,,,,,,,,,,,120,11下煤,11下煤,657.450,0.630,,,,,,,,,,,
,,,,,,,,,,,,,,,,,,,,,,,,,,,,,,,,,,,,,,,,,,,,,120,泥岩,11下煤,657.770,0.320,,,,,,,,,,,
,,,,,,,,,,,,,,,,,,,,,,,,,,,,,,,,,,,,,,,,,,,,,120,11下煤,11下煤,657.910,0.140,,,,,,,,,,,
,,,,,,,,,,,,,,,,,,,,,,,,,,,,,,,,,,,,,,,,,,,,,120,细粒砂岩,,852.210,194.300,,,,,,,,,,,
,,,,,,,,,,,,,,,,,,,,,,,,,,,,,,,,,,,,,,,,,,,,,120,12煤,12煤,852.610,0.400,,,,,,,,,,,
,,,,,,,,,,,,,,,,,,,,,,,,,,,,,,,,,,,,,,,,,,,,,120,泥岩,12煤,853.390,0.780,,,,,,,,,,,
,,,,,,,,,,,,,,,,,,,,,,,,,,,,,,,,,,,,,,,,,,,,,120,12煤,12煤,854.040,0.650,,,,,,,,,,,
,,,,,,,,,,,,,,,,,,,,,,,,,,,,,,,,,,,,,,,,,,,,,120,泥岩,12煤,856.120,2.080,,,,,,,,,,,
,,,,,,,,,,,,,,,,,,,,,,,,,,,,,,,,,,,,,,,,,,,,,120,12煤,12煤,856.490,0.370,,,,,,,,,,,
,,,,,,,,,,,,,,,,,,,,,,,,,,,,,,,,,,,,,,,,,,,,,120,泥岩,12煤,858.110,1.620,,,,,,,,,,,
,,,,,,,,,,,,,,,,,,,,,,,,,,,,,,,,,,,,,,,,,,,,,120,12煤,12煤,858.860,0.750,,,,,,,,,,,
,,,,,,,,,,,,,,,,,,,,,,,,,,,,,,,,,,,,,,,,,,,,,120,泥岩,12煤,861.150,2.290,,,,,,,,,,,
,,,,,,,,,,,,,,,,,,,,,,,,,,,,,,,,,,,,,,,,,,,,,120,12煤,12煤,861.300,0.150,,,,,,,,,,,
,,,,,,,,,,,,,,,,,,,,,,,,,,,,,,,,,,,,,,,,,,,,,120,泥岩,12煤,866.290,4.990,,,,,,,,,,,
,,,,,,,,,,,,,,,,,,,,,,,,,,,,,,,,,,,,,,,,,,,,,120,12煤,12煤,866.390,0.100,,,,,,,,,,,
,,,,,,,,,,,,,,,,,,,,,,,,,,,,,,,,,,,,,,,,,,,,,120,泥岩,12煤,866.490,0.100,,,,,,,,,,,
,,,,,,,,,,,,,,,,,,,,,,,,,,,,,,,,,,,,,,,,,,,,,120,12煤,12煤,866.550,0.060,,,,,,,,,,,
,,,,,,,,,,,,,,,,,,,,,,,,,,,,,,,,,,,,,,,,,,,,,120,泥岩,12煤,870.510,3.960,,,,,,,,,,,
,,,,,,,,,,,,,,,,,,,,,,,,,,,,,,,,,,,,,,,,,,,,,120,12煤,12煤,871.820,1.310,,,,,,,,,,,
,,,,,,,,,,,,,,,,,,,,,,,,,,,,,,,,,,,,,,,,,,,,,120,泥岩,12煤,872.720,0.900,,,,,,,,,,,
,,,,,,,,,,,,,,,,,,,,,,,,,,,,,,,,,,,,,,,,,,,,,120,12煤,12煤,872.890,0.170,,,,,,,,,,,
,,,,,,,,,,,,,,,,,,,,,,,,,,,,,,,,,,,,,,,,,,,,,120,泥岩,12煤,873.130,0.240,,,,,,,,,,,
,,,,,,,,,,,,,,,,,,,,,,,,,,,,,,,,,,,,,,,,,,,,,120,12煤,12煤,873.230,0.100,,,,,,,,,,,
,,,,,,,,,,,,,,,,,,,,,,,,,,,,,,,,,,,,,,,,,,,,,120,泥岩,12煤,873.340,0.110,,,,,,,,,,,
,,,,,,,,,,,,,,,,,,,,,,,,,,,,,,,,,,,,,,,,,,,,,120,12煤,12煤,873.450,0.110,,,,,,,,,,,
,,,,,,,,,,,,,,,,,,,,,,,,,,,,,,,,,,,,,,,,,,,,,120,泥岩,12煤,873.610,0.160,,,,,,,,,,,
,,,,,,,,,,,,,,,,,,,,,,,,,,,,,,,,,,,,,,,,,,,,,120,12煤,12煤,873.720,0.110,,,,,,,,,,,
,,,,,,,,,,,,,,,,,,,,,,,,,,,,,,,,,,,,,,,,,,,,,120,泥岩,12煤,873.880,0.160,,,,,,,,,,,
,,,,,,,,,,,,,,,,,,,,,,,,,,,,,,,,,,,,,,,,,,,,,120,12煤,12煤,874.000,0.120,,,,,,,,,,,
,,,,,,,,,,,,,,,,,,,,,,,,,,,,,,,,,,,,,,,,,,,,,120,泥岩,12煤,877.260,3.260,,,,,,,,,,,
,,,,,,,,,,,,,,,,,,,,,,,,,,,,,,,,,,,,,,,,,,,,,120,12煤,12煤,877.340,0.080,,,,,,,,,,,
,,,,,,,,,,,,,,,,,,,,,,,,,,,,,,,,,,,,,,,,,,,,,120,泥岩,12煤,877.490,0.150,,,,,,,,,,,
,,,,,,,,,,,,,,,,,,,,,,,,,,,,,,,,,,,,,,,,,,,,,120,12煤,12煤,877.620,0.130,,,,,,,,,,,
,,,,,,,,,,,,,,,,,,,,,,,,,,,,,,,,,,,,,,,,,,,,,120,泥岩,12煤,877.810,0.190,,,,,,,,,,,
,,,,,,,,,,,,,,,,,,,,,,,,,,,,,,,,,,,,,,,,,,,,,120,12煤,12煤,878.070,0.260,,,,,,,,,,,
,,,,,,,,,,,,,,,,,,,,,,,,,,,,,,,,,,,,,,,,,,,,,120,泥岩,12煤,878.190,0.120,,,,,,,,,,,
,,,,,,,,,,,,,,,,,,,,,,,,,,,,,,,,,,,,,,,,,,,,,120,12煤,12煤,878.360,0.170,,,,,,,,,,,
,,,,,,,,,,,,,,,,,,,,,,,,,,,,,,,,,,,,,,,,,,,,,120,泥岩,12煤,880.700,2.340,,,,,,,,,,,
,,,,,,,,,,,,,,,,,,,,,,,,,,,,,,,,,,,,,,,,,,,,,120,12煤,12煤,881.020,0.320,,,,,,,,,,,
,,,,,,,,,,,,,,,,,,,,,,,,,,,,,,,,,,,,,,,,,,,,,120,泥岩,12煤,881.350,0.330,,,,,,,,,,,
,,,,,,,,,,,,,,,,,,,,,,,,,,,,,,,,,,,,,,,,,,,,,120,12煤,12煤,881.600,0.250,,,,,,,,,,,
,,,,,,,,,,,,,,,,,,,,,,,,,,,,,,,,,,,,,,,,,,,,,120,泥岩,12煤,882.880,1.280,,,,,,,,,,,
,,,,,,,,,,,,,,,,,,,,,,,,,,,,,,,,,,,,,,,,,,,,,120,12煤,12煤,884.170,1.290,,,,,,,,,,,
,,,,,,,,,,,,,,,,,,,,,,,,,,,,,,,,,,,,,,,,,,,,,120,细粒砂岩,,909.020,24.850,,,,,,,,,,,
